2026-05-11_19-01-58,14,shell.go:2026-05-11_19-01-58
2026-05-11_19-06-39,28,shell.go:2026-05-11_19-06-39
2026-05-11_19-13-07,42,shell.go:2026-05-11_19-13-07
2026-05-11_19-18-00,42,shell.go:2026-05-11_19-18-00
2026-05-11_19-18-27,42,shell.go:2026-05-11_19-18-27
2026-05-11_19-26-26,42,shell.go:2026-05-11_19-26-26
2026-05-11_19-27-25,---,shell.go:2026-05-11_19-27-25
2026-05-11_19-29-30,42,shell.go:2026-05-11_19-27-25
2026-05-11_19-36-46,42,shell.go:2026-05-11_19-36-46
2026-05-11_19-37-29,57,shell.go:2026-05-11_19-37-29
2026-05-11_19-38-45,57,shell.go:2026-05-11_19-37-29
2026-05-11_19-48-53,57,shell.go:2026-05-11_19-37-29
2026-05-11_20-41-02,57,shell.go:2026-05-11_20-41-02
2026-05-11_20-41-26,57,shell.go:2026-05-11_20-41-26
2026-05-11_20-41-38,57,shell.go:2026-05-11_20-41-38
2026-05-11_20-42-01,57,shell.go:2026-05-11_20-42-01
2026-05-11_20-42-09,57,shell.go:2026-05-11_20-42-01
2026-05-11_20-42-19,57,shell.go:2026-05-11_20-42-19
2026-05-11_20-42-36,57,shell.go:2026-05-11_20-42-19
2026-05-11_20-42-46,57,shell.go:2026-05-11_20-42-46
2026-05-11_20-42-54,57,shell.go:2026-05-11_20-42-46
2026-05-11_20-45-36,57,shell.go:2026-05-11_20-42-46
2026-05-11_20-46-05,71,shell.go:2026-05-11_20-46-05
2026-05-11_20-46-20,71,shell.go:2026-05-11_20-46-05
2026-05-11_21-11-40,85,shell.go:2026-05-11_21-11-40
2026-05-11_21-13-14,85,shell.go:2026-05-11_21-13-14
2026-05-11_21-14-11,85,shell.go:2026-05-11_21-14-11
2026-05-11_21-20-56,0,shell.go:2026-05-11_21-20-56
2026-05-11_21-20-58,0,shell.go:2026-05-11_21-20-56
2026-05-11_21-21-12,85,shell.go:2026-05-11_21-21-12
2026-05-11_21-21-44,85,shell.go:2026-05-11_21-21-44
2026-05-11_21-22-40,85,shell.go:2026-05-11_21-22-40
2026-05-11_21-23-12,85,shell.go:2026-05-11_21-23-12
2026-05-11_21-23-26,85,shell.go:2026-05-11_21-23-26
2026-05-11_21-23-42,85,shell.go:2026-05-11_21-23-42
2026-05-11_21-23-53,85,shell.go:2026-05-11_21-23-53
2026-05-11_21-28-53,85,shell.go:2026-05-11_21-28-53
2026-05-11_21-30-37,85,shell.go:2026-05-11_21-30-37
2026-05-11_21-31-59,85,shell.go:2026-05-11_21-31-59
2026-05-11_21-32-22,85,shell.go:2026-05-11_21-31-59
2026-05-11_21-32-46,85,shell.go:2026-05-11_21-32-46
2026-05-11_21-33-06,85,shell.go:2026-05-11_21-33-06
2026-05-11_21-33-24,85,shell.go:2026-05-11_21-33-24
2026-05-11_21-35-06,85,shell.go:2026-05-11_21-35-06
2026-05-11_21-40-04,100,shell.go:2026-05-11_21-40-04
