2026-05-27_11-23-34,0,draft.go:2026-05-27_11-23-34
2026-05-27_11-28-55,0,draft.go:2026-05-27_11-28-55
2026-05-27_11-29-06,0,draft.go:2026-05-27_11-29-06
2026-05-27_11-29-15,0,draft.go:2026-05-27_11-29-15
2026-05-27_11-30-25,0,draft.go:2026-05-27_11-30-25
2026-05-27_11-30-43,22,draft.go:2026-05-27_11-30-43
2026-05-27_11-32-41,---,draft.go:2026-05-27_11-32-41
2026-05-27_11-34-39,88,draft.go:2026-05-27_11-34-39
2026-05-27_11-34-51,100,draft.go:2026-05-27_11-34-51
2026-05-27_11-34-55,100,draft.go:2026-05-27_11-34-51
